category,name,x1,y1,x2,y2,width,height
Characters/Player,player_idle,316,42,384,133,71,88
Characters/Player,player_run,391,42,459,133,69,85
Characters/Player,player_jump,461,42,529,133,69,87
Characters/Player,player_fall,536,42,604,133,73,81
Characters/Player,player_land,611,42,679,133,72,81
Characters/Player,player_attack,686,42,754,133,81,88
Characters/Princess,princess_idle,790,40,856,133,80,99
Characters/Princess,princess_talk,867,40,933,133,76,99
Characters/Princess,princess_sad,935,40,1001,133,79,99
Characters/Princess,princess_happy,1004,40,1070,133,78,99
Characters/NPC,statue_knight_npc,1104,39,1166,134,56,105
Characters/NPC,npc_monk,1180,39,1242,134,60,94
UI,heart_full,1269,38,1325,103,55,66
UI,heart_empty,1336,38,1392,103,66,66
UI,crystal_icon,1399,38,1455,103,65,77
UI,key_icon,1462,38,1518,103,52,69
UI,esc_button,1267,108,1327,159,59,56
UI,pause_button,1332,108,1392,159,51,57
UI,settings_button,1397,108,1457,159,50,56
UI,dialogue_next,1461,108,1521,159,69,54
Terrain,platform_01,21,205,107,291,86,78
Terrain,platform_02,117,205,203,291,84,79
Terrain,platform_03,214,205,300,291,93,78
Terrain,platform_small,312,205,398,291,60,66
Terrain,platform_broken,409,205,495,291,92,86
Terrain,platform_corner,506,205,592,291,82,91
Terrain,platform_slope,603,205,689,291,99,60
Terrain,platform_tip,684,205,770,291,98,102
Terrain,wall_vertical,19,319,105,445,71,136
Terrain,wall_horizontal,115,319,201,445,82,117
Terrain,wall_corner,210,319,296,445,102,136
Terrain,wall_arch,306,319,392,445,90,136
Terrain,wall_banner,403,319,489,445,100,124
Terrain,wall_window,497,319,583,445,102,123
Terrain,floor_tile,588,319,674,445,102,123
Terrain,ceiling_tile,676,319,762,445,94,99
Background,bg_sky,789,215,884,441,95,226
Background,bg_castle_far,894,215,1003,441,109,226
Background,bg_castle_mid,1017,215,1120,441,103,226
Background,bg_castle_near,1127,215,1254,441,127,226
Background,bg_window_light,1260,215,1380,441,120,226
Background,bg_interior_dark,1387,215,1511,441,124,226
Climbables,ladder_01,26,500,82,601,72,117
Climbables,chain_vertical,92,500,148,601,65,117
Climbables,chain_with_hook,168,500,224,601,41,109
Climbables,chain_short,249,500,305,601,29,103
Climbables,rope,316,500,372,601,71,117
MovingPlatforms,moving_platform_01,383,506,501,590,97,95
MovingPlatforms,moving_platform_02,503,506,621,590,99,98
Hazards,spikes_floor,657,510,749,594,85,45
Hazards,spikes_ceiling,747,510,839,594,88,80
Hazards,spikes_small,840,510,920,594,58,44
Hazards,spikes_large,916,510,1020,594,98,82
Traps,pendulum_blade,1049,507,1149,594,83,98
Traps,falling_platform,1164,507,1272,594,78,94
Traps,arrow_trap,1280,507,1396,594,111,88
Traps,fire_trap,1399,507,1509,594,125,83
Items,coin_gold,22,686,82,760,47,55
Items,coin_silver,82,686,142,760,45,53
Items,red_gem,146,686,206,760,45,59
Items,blue_crystal,207,686,287,760,65,76
Items,key,290,686,350,760,43,60
Items,treasure_chest,367,686,463,760,82,70
Decorations,torch_wall,505,673,565,765,69,101
Decorations,candelabra,579,673,649,765,83,106
Decorations,banner_red,675,673,745,765,69,105
Decorations,banner_blue,772,673,842,765,70,104
Decorations,chandelier,849,673,949,765,79,103
Decorations,curtain,957,673,1107,765,157,108
Decorations,throne,1121,673,1207,765,77,108
Decorations,table,1205,673,1315,765,101,90
Decorations,bookshelf,1368,673,1444,765,75,108
Decorations,vase,1455,673,1515,765,61,101
Architecture,arch_window_small,23,837,99,969,72,132
Architecture,arch_window_large,97,837,181,969,74,137
Architecture,column,170,837,230,969,49,141
Architecture,column_broken,237,837,297,969,56,127
Architecture,stained_glass_01,305,837,375,969,56,138
Architecture,stained_glass_02,382,837,452,969,65,137
Effects,torch_fire,479,843,539,959,45,92
Effects,candle_fire,538,843,598,959,36,93
Effects,dust_particle,600,843,670,959,74,93
Effects,light_rays,648,843,738,959,86,100
Effects,magic_glow,719,843,799,959,46,110
Effects,falling_debris,804,843,884,959,92,132
Special,gargoyle_statue,895,837,991,963,90,124
Special,gargoyle_fly,980,837,1080,963,105,100
Special,bat,1075,837,1161,963,87,90
Special,suit_of_armor,1152,837,1228,963,80,142
Props,sign_post,1241,857,1311,956,61,104
Props,wood_crate,1305,857,1375,956,66,105
Props,barrel,1370,857,1434,956,55,105
Props,broken_cart,1429,857,1521,956,90,106
