category,filename,source_sheet,crop_x0,crop_y0,crop_x1,crop_y1,width,height
castle_ruins,castle_ruins_001.png,gothic_castle_ruins_tileset.png,1123,75,1232,221,109,146
castle_ruins,castle_ruins_002.png,gothic_castle_ruins_tileset.png,967,76,1111,241,144,165
castle_ruins,castle_ruins_003.png,gothic_castle_ruins_tileset.png,687,74,954,257,267,183
castle_ruins,castle_ruins_004.png,gothic_castle_ruins_tileset.png,262,49,477,288,215,239
castle_ruins,castle_ruins_005.png,gothic_castle_ruins_tileset.png,25,49,252,293,227,244
castle_ruins,castle_ruins_006.png,gothic_castle_ruins_tileset.png,482,49,694,290,212,241
castle_ruins,castle_ruins_007.png,gothic_castle_ruins_tileset.png,26,305,247,540,221,235
castle_ruins,castle_ruins_008.png,gothic_castle_ruins_tileset.png,271,310,472,491,201,181
castle_ruins,castle_ruins_009.png,gothic_castle_ruins_tileset.png,676,303,931,568,255,265
castle_ruins,castle_ruins_010.png,gothic_castle_ruins_tileset.png,980,303,1231,570,251,267
castle_ruins,castle_ruins_011.png,gothic_castle_ruins_tileset.png,480,308,639,542,159,234
castle_ruins,castle_ruins_012.png,gothic_castle_ruins_tileset.png,14,548,368,1006,354,458
castle_ruins,castle_ruins_013.png,gothic_castle_ruins_tileset.png,942,570,1087,1006,145,436
castle_ruins,castle_ruins_014.png,gothic_castle_ruins_tileset.png,673,570,811,1006,138,436
castle_ruins,castle_ruins_015.png,gothic_castle_ruins_tileset.png,379,562,670,1007,291,445
castle_ruins,castle_ruins_016.png,gothic_castle_ruins_tileset.png,807,730,940,1005,133,275
castle_ruins,castle_ruins_017.png,gothic_castle_ruins_tileset.png,1087,776,1245,1007,158,231
castle_ruins,castle_ruins_018.png,gothic_castle_ruins_tileset.png,616,1003,700,1216,84,213
castle_ruins,castle_ruins_019.png,gothic_castle_ruins_tileset.png,1100,1034,1236,1209,136,175
castle_ruins,castle_ruins_020.png,gothic_castle_ruins_tileset.png,694,1017,782,1216,88,199
castle_ruins,castle_ruins_021.png,gothic_castle_ruins_tileset.png,404,1034,615,1216,211,182
castle_ruins,castle_ruins_022.png,gothic_castle_ruins_tileset.png,19,1016,391,1216,372,200
castle_ruins,castle_ruins_023.png,gothic_castle_ruins_tileset.png,951,1064,1106,1216,155,152
castle_ruins,castle_ruins_024.png,gothic_castle_ruins_tileset.png,781,1067,956,1216,175,149
castle_platforms,castle_platforms_001.png,gothic_castle_pixel_tileset.png,673,79,1248,295,575,216
castle_platforms,castle_platforms_002.png,gothic_castle_pixel_tileset.png,321,81,658,297,337,216
castle_platforms,castle_platforms_003.png,gothic_castle_pixel_tileset.png,71,91,263,266,192,175
castle_platforms,castle_platforms_004.png,gothic_castle_pixel_tileset.png,75,332,261,494,186,162
castle_platforms,castle_platforms_005.png,gothic_castle_pixel_tileset.png,393,329,739,522,346,193
castle_platforms,castle_platforms_006.png,gothic_castle_pixel_tileset.png,846,325,1211,790,365,465
castle_platforms,castle_platforms_007.png,gothic_castle_pixel_tileset.png,38,514,875,798,837,284
castle_platforms,castle_platforms_008.png,gothic_castle_pixel_tileset.png,758,863,978,1092,220,229
castle_platforms,castle_platforms_009.png,gothic_castle_pixel_tileset.png,1000,861,1230,1088,230,227
castle_platforms,castle_platforms_010.png,gothic_castle_pixel_tileset.png,391,865,741,1145,350,280
castle_platforms,castle_platforms_011.png,gothic_castle_pixel_tileset.png,41,824,351,1192,310,368
chains_platforms,chains_platforms_001.png,gothic_chains_and_platforms_sprite_atlas.png,989,30,1077,215,88,185
chains_platforms,chains_platforms_002.png,gothic_chains_and_platforms_sprite_atlas.png,903,32,991,295,88,263
chains_platforms,chains_platforms_003.png,gothic_chains_and_platforms_sprite_atlas.png,828,32,907,343,79,311
chains_platforms,chains_platforms_004.png,gothic_chains_and_platforms_sprite_atlas.png,756,31,832,397,76,366
chains_platforms,chains_platforms_005.png,gothic_chains_and_platforms_sprite_atlas.png,675,32,759,422,84,390
chains_platforms,chains_platforms_006.png,gothic_chains_and_platforms_sprite_atlas.png,592,30,679,478,87,448
chains_platforms,chains_platforms_007.png,gothic_chains_and_platforms_sprite_atlas.png,497,29,595,518,98,489
chains_platforms,chains_platforms_008.png,gothic_chains_and_platforms_sprite_atlas.png,377,27,499,551,122,524
chains_platforms,chains_platforms_009.png,gothic_chains_and_platforms_sprite_atlas.png,278,26,377,576,99,550
chains_platforms,chains_platforms_010.png,gothic_chains_and_platforms_sprite_atlas.png,159,28,275,589,116,561
chains_platforms,chains_platforms_011.png,gothic_chains_and_platforms_sprite_atlas.png,49,27,160,588,111,561
chains_platforms,chains_platforms_012.png,gothic_chains_and_platforms_sprite_atlas.png,408,591,596,993,188,402
chains_platforms,chains_platforms_013.png,gothic_chains_and_platforms_sprite_atlas.png,44,595,382,990,338,395
chains_platforms,chains_platforms_014.png,gothic_chains_and_platforms_sprite_atlas.png,647,591,1081,1004,434,413
chains_platforms,chains_platforms_015.png,gothic_chains_and_platforms_sprite_atlas.png,469,989,726,1340,257,351
chains_platforms,chains_platforms_016.png,gothic_chains_and_platforms_sprite_atlas.png,741,999,915,1348,174,349
chains_platforms,chains_platforms_017.png,gothic_chains_and_platforms_sprite_atlas.png,927,989,1097,1353,170,364
chains_platforms,chains_platforms_018.png,gothic_chains_and_platforms_sprite_atlas.png,37,986,305,1392,268,406
chains_platforms,chains_platforms_019.png,gothic_chains_and_platforms_sprite_atlas.png,327,998,473,1379,146,381
traps,traps_001.png,gothic_platformer_trap_sprite_sheet.png,607,167,1227,303,620,136
traps,traps_002.png,gothic_platformer_trap_sprite_sheet.png,265,167,556,303,291,136
traps,traps_003.png,gothic_platformer_trap_sprite_sheet.png,49,171,222,303,173,132
traps,traps_004.png,gothic_platformer_trap_sprite_sheet.png,55,405,575,763,520,358
traps,traps_005.png,gothic_platformer_trap_sprite_sheet.png,892,340,1228,814,336,474
traps,traps_006.png,gothic_platformer_trap_sprite_sheet.png,571,314,805,822,234,508
traps,traps_007.png,gothic_platformer_trap_sprite_sheet.png,34,822,243,1184,209,362
traps,traps_008.png,gothic_platformer_trap_sprite_sheet.png,1030,828,1225,1186,195,358
traps,traps_009.png,gothic_platformer_trap_sprite_sheet.png,281,903,524,1167,243,264
traps,traps_010.png,gothic_platformer_trap_sprite_sheet.png,806,829,992,1183,186,354
traps,traps_011.png,gothic_platformer_trap_sprite_sheet.png,557,854,778,1198,221,344
lighting,lighting_001.png,gothic_pixel_lighting_sprite_sheet.png,249,74,402,417,153,343
lighting,lighting_002.png,gothic_pixel_lighting_sprite_sheet.png,78,70,231,413,153,343
lighting,lighting_003.png,gothic_pixel_lighting_sprite_sheet.png,652,108,825,426,173,318
lighting,lighting_004.png,gothic_pixel_lighting_sprite_sheet.png,440,123,616,423,176,300
lighting,lighting_005.png,gothic_pixel_lighting_sprite_sheet.png,1014,90,1159,464,145,374
lighting,lighting_006.png,gothic_pixel_lighting_sprite_sheet.png,859,82,991,477,132,395
lighting,lighting_007.png,gothic_pixel_lighting_sprite_sheet.png,56,431,235,874,179,443
lighting,lighting_008.png,gothic_pixel_lighting_sprite_sheet.png,465,461,672,862,207,401
lighting,lighting_009.png,gothic_pixel_lighting_sprite_sheet.png,271,538,438,862,167,324
lighting,lighting_010.png,gothic_pixel_lighting_sprite_sheet.png,713,598,901,860,188,262
lighting,lighting_011.png,gothic_pixel_lighting_sprite_sheet.png,929,452,1232,1221,303,769
lighting,lighting_012.png,gothic_pixel_lighting_sprite_sheet.png,749,961,910,1198,161,237
lighting,lighting_013.png,gothic_pixel_lighting_sprite_sheet.png,47,985,187,1191,140,206
lighting,lighting_014.png,gothic_pixel_lighting_sprite_sheet.png,202,954,425,1198,223,244
lighting,lighting_015.png,gothic_pixel_lighting_sprite_sheet.png,439,1013,736,1197,297,184
banners_signs,banners_signs_001.png,gothic_red_banner_and_sign_asset_sheet.png,0,0,259,757,259,757
banners_signs,banners_signs_002.png,gothic_red_banner_and_sign_asset_sheet.png,874,0,1122,750,248,750
banners_signs,banners_signs_003.png,gothic_red_banner_and_sign_asset_sheet.png,658,22,894,756,236,734
banners_signs,banners_signs_004.png,gothic_red_banner_and_sign_asset_sheet.png,446,0,677,741,231,741
banners_signs,banners_signs_005.png,gothic_red_banner_and_sign_asset_sheet.png,246,19,459,741,213,722
banners_signs,banners_signs_006.png,gothic_red_banner_and_sign_asset_sheet.png,450,719,673,1036,223,317
banners_signs,banners_signs_007.png,gothic_red_banner_and_sign_asset_sheet.png,223,729,468,1056,245,327
banners_signs,banners_signs_008.png,gothic_red_banner_and_sign_asset_sheet.png,660,728,903,1059,243,331
banners_signs,banners_signs_009.png,gothic_red_banner_and_sign_asset_sheet.png,886,733,1122,1065,236,332
banners_signs,banners_signs_010.png,gothic_red_banner_and_sign_asset_sheet.png,0,735,242,1077,242,342
banners_signs,banners_signs_011.png,gothic_red_banner_and_sign_asset_sheet.png,338,1016,778,1181,440,165
banners_signs,banners_signs_012.png,gothic_red_banner_and_sign_asset_sheet.png,762,1160,1095,1374,333,214
banners_signs,banners_signs_013.png,gothic_red_banner_and_sign_asset_sheet.png,29,1160,391,1376,362,216
banners_signs,banners_signs_014.png,gothic_red_banner_and_sign_asset_sheet.png,407,1163,733,1374,326,211
shrines_relics,shrines_relics_001.png,gothic_pixel_art_shrine_and_relic_sprite_sheet.png,432,63,819,646,387,583
shrines_relics,shrines_relics_002.png,gothic_pixel_art_shrine_and_relic_sprite_sheet.png,829,151,1245,637,416,486
shrines_relics,shrines_relics_003.png,gothic_pixel_art_shrine_and_relic_sprite_sheet.png,21,144,400,658,379,514
shrines_relics,shrines_relics_004.png,gothic_pixel_art_shrine_and_relic_sprite_sheet.png,379,664,627,932,248,268
shrines_relics,shrines_relics_005.png,gothic_pixel_art_shrine_and_relic_sprite_sheet.png,29,714,185,889,156,175
shrines_relics,shrines_relics_006.png,gothic_pixel_art_shrine_and_relic_sprite_sheet.png,844,697,1025,905,181,208
shrines_relics,shrines_relics_007.png,gothic_pixel_art_shrine_and_relic_sprite_sheet.png,1046,699,1233,901,187,202
shrines_relics,shrines_relics_008.png,gothic_pixel_art_shrine_and_relic_sprite_sheet.png,204,678,389,934,185,256
shrines_relics,shrines_relics_009.png,gothic_pixel_art_shrine_and_relic_sprite_sheet.png,637,709,809,909,172,200
shrines_relics,shrines_relics_010.png,gothic_pixel_art_shrine_and_relic_sprite_sheet.png,861,955,1044,1211,183,256
shrines_relics,shrines_relics_011.png,gothic_pixel_art_shrine_and_relic_sprite_sheet.png,1058,971,1229,1206,171,235
shrines_relics,shrines_relics_012.png,gothic_pixel_art_shrine_and_relic_sprite_sheet.png,441,963,619,1205,178,242
shrines_relics,shrines_relics_013.png,gothic_pixel_art_shrine_and_relic_sprite_sheet.png,241,986,382,1206,141,220
shrines_relics,shrines_relics_014.png,gothic_pixel_art_shrine_and_relic_sprite_sheet.png,58,997,174,1194,116,197
shrines_relics,shrines_relics_015.png,gothic_pixel_art_shrine_and_relic_sprite_sheet.png,674,982,845,1208,171,226
statues,statues_001.png,gothic_pixel_art_statue_sprite_sheet.png,8,154,330,850,322,696
statues,statues_002.png,gothic_pixel_art_statue_sprite_sheet.png,327,192,574,850,247,658
statues,statues_003.png,gothic_pixel_art_statue_sprite_sheet.png,877,72,1251,850,374,778
statues,statues_004.png,gothic_pixel_art_statue_sprite_sheet.png,570,545,868,850,298,305
statues,statues_005.png,gothic_pixel_art_statue_sprite_sheet.png,187,893,427,1228,240,335
statues,statues_006.png,gothic_pixel_art_statue_sprite_sheet.png,617,919,774,1228,157,309
statues,statues_007.png,gothic_pixel_art_statue_sprite_sheet.png,793,875,936,1230,143,355
statues,statues_008.png,gothic_pixel_art_statue_sprite_sheet.png,21,910,208,1228,187,318
statues,statues_009.png,gothic_pixel_art_statue_sprite_sheet.png,949,879,1245,1229,296,350
statues,statues_010.png,gothic_pixel_art_statue_sprite_sheet.png,425,940,603,1228,178,288
